	spots	bases	spots_with_mates	avgLength	size_MB	InsertSize	ProjectID	TaxID	None_mqc-generalstats-fastqc-percent_duplicates	None_mqc-generalstats-fastqc-percent_gc	None_mqc-generalstats-fastqc-avg_sequence_length	None_mqc-generalstats-fastqc-median_sequence_length	None_mqc-generalstats-fastqc-percent_fails	None_mqc-generalstats-fastqc-total_sequences	Unique Reads	Duplicate Reads	fsch_Per Base Sequence Quality	fsch_Per Tile Sequence Quality	fsch_Per Sequence Quality Scores	fsch_Per Base Sequence Content	fsch_Per Sequence GC Content	fsch_Per Base N Content	fsch_Sequence Length Distribution	fsch_Sequence Duplication Levels	fsch_Overrepresented Sequences	fsch_Adapter Content	Label
0	343479	50388441	343479	146	19	0	1077563	2697049	85.2319938	38	73.35256304	74	18.18181818	0.343479	50725	292754	1	1	1	0.25	0.5	1	0.5	0.25	0.5	1	63
1	89270777	13569158104	89270777	152	7822	483	42573	9606	9.536562875	39	76	76	9.090909091	89.270777	80757414	8513363	0.25	1	1	1	0.5	1	1	1	0.5	1	1178
2	98454573	17918732286	98454573	182	10121	498	41223	9606	9.850720636	39	99	99	18.18181818	98.454573	88756089	9698484	0.25	0.25	1	1	0.5	0.5	1	1	0.5	1	2606
3	26144547	5647222152	26144547	216	3823	450	38449	9606	9.763711886	43	108	108	0	26.144547	23591869	2552678	1	0.5	1	1	0.5	1	1	1	1	1	886
4	15053976	3251658816	15053976	216	1990	450	38449	9606	13.3701159	40	108	108	0	15.053976	13041242	2012734	1	1	1	1	1	1	1	1	1	1	530
5	15416322	3329925552	15416322	216	2117	450	41139	9606	9.457287526	40	108	108	0	15.416322	13958357	1457965	1	1	1	1	0.5	1	1	1	0.5	1	509
6	24703064	5335861824	24703064	216	3651	450	41139	9606	6.167636694	38	108	108	0	24.703064	23179469	1523595	1	1	1	1	1	1	1	1	1	1	667
7	13133505	2836837080	13133505	216	1624	450	33847	9606	10.80622827	42	108	108	9.090909091	13.133505	11714269	1419236	1	0.25	1	1	0.5	1	1	1	0.5	1	491
8	15531162	3106232400	15531162	200	1905	395	38447	9606	0.967340462	41	100	100	18.18181818	15.531162	15380923	150239	0.25	0.25	1	1	0.5	0.5	1	1	1	1	485
9	22019169	4403833800	22019169	200	2815	384	38447	9606	1.138469561	41	100	100	18.18181818	22.019169	21768488	250681	0.25	0.25	1	1	0.5	0.5	1	1	1	1	631
10	19517187	3903437400	19517187	200	2514	384	38447	9606	1.08805749	41	100	100	18.18181818	19.517187	19304829	212358	0.25	0.25	1	1	0.5	0.5	1	1	1	1	564
11	25549954	5109990800	25549954	200	3275	387	38447	9606	1.983529504	41	100	100	18.18181818	25.549954	25043164	506790	0.25	0.25	1	1	0.5	1	1	1	1	1	680
12	24201100	4840220000	24201100	200	3104	387	38447	9606	1.81871669	41	100	100	18.18181818	24.2011	23760951	440149	0.25	0.25	1	1	0.5	1	1	1	1	1	677
13	16117290	3223458000	16117290	200	1983	394	38447	9606	1.080641267	41	100	100	18.18181818	16.11729	15943120	174170	0.25	0.25	1	1	0.5	1	1	1	1	1	488
14	25094690	5018938000	25094690	200	2978	392	38447	9606	1.763966196	42	100	100	9.090909091	25.09469	24652029	442661	0.5	0.25	1	1	0.5	1	1	1	1	1	684
15	24406899	4881379800	24406899	200	3038	444	42557	9606	2.546288133	43	100	100	27.27272727	24.406899	23785430	621469	0.25	0.25	1	1	0.25	1	1	1	0.5	1	691
16	16953863	3390772600	16953863	200	2173	444	42557	9606	1.330488866	45	100	100	18.18181818	16.953863	16728294	225569	0.25	0.25	1	1	0.5	1	1	1	1	1	614
17	41346904	8269380800	0	200	5160	325	33847	9606	5.59881292	42	100	100	0	41.346904	39031969	2314935	1	0.5	1	0.5	0.5	1	1	1	1	1	906
18	40954912	8190982400	40954912	200	5430	342	33865	9606	5.871295583	41	100	100	9.090909091	40.954912	38550329	2404583	1	0.25	1	0.5	0.5	1	1	1	1	1	1000
19	40849612	8169922400	40849612	200	5392	342	33865	9606	6.111284772	41	100	100	0	40.849612	38353176	2496436	1	0.5	1	1	0.5	1	1	1	1	1	989
20	16098118	2446913936	16098118	152	1649	175	33847	9606	3.750143213	45	76	76	0	16.098118	15494416	603702	1	1	1	0.5	0.5	1	1	1	1	1	396
21	24835568	5364482688	24835568	216	3558	400	33835	9606	5.432086482	43	108	108	9.090909091	24.835568	23486479	1349089	1	0.25	1	0.5	0.5	1	1	1	1	1	792
22	27232292	5882175072	27232292	216	3694	450	38449	9606	5.277939289	40	108	108	0	27.232292	25794989	1437303	1	1	1	1	0.5	1	1	1	1	1	719
23	16499540	3563900640	16499540	216	2248	450	41223	9606	17.73455991	40	108	108	9.090909091	16.49954	13573420	2926120	1	0.5	1	0.5	1	1	1	1	0.25	0.5	604
24	34934670	7056803340	34934670	202	3962	315	60131	9606	2.971333482	40	102	102	0	34.93467	33896645	1038025	1	1	1	1	0.5	1	1	1	1	1	1590
25	36216433	7315719466	36216433	202	4232	315	60131	9606	2.917139366	40	102	102	9.090909091	36.216433	35159950	1056483	1	0.25	1	1	0.5	1	1	1	1	1	1586
26	35514943	7174018486	35514943	202	4066	315	60131	9606	2.737251212	40	102	102	0	35.514943	34542810	972133	1	1	1	1	0.5	1	1	1	1	1	1690
27	16773856	2549626112	16773856	152	1622	470	41139	9606	5.20010072	41	76	76	27.27272727	16.773856	15901599	872257	0.25	0.25	1	1	0.5	1	1	1	0.25	1	355
28	29696009	6414337944	29696009	216	4083	450	38449	9606	6.059173762	40	108	108	0	29.696009	27896677	1799332	1	1	1	1	0.5	1	1	1	0.5	1	774
29	25234248	5450597568	25234248	216	3354	450	41139	9606	8.348297999	39	108	108	9.090909091	25.234248	23127618	2106630	1	0.25	1	1	0.5	1	1	1	0.5	1	685
30	91711792	16691546144	91711792	182	8725	491	41139	9606	15.88612394	39	99	99	9.090909091	91.711792	77142344	14569448	0.5	1	1	1	0.25	0.5	1	1	0.5	1	2766
31	91813258	16710012956	91813258	182	9514	475	41139	9606	9.797080011	40	99	99	9.090909091	91.813258	82818240	8995018	0.25	1	1	1	0.5	1	1	1	0.5	1	2606
32	98081542	17850840644	98081542	182	10222	479	41139	9606	9.353948635	40	99	99	9.090909091	98.081542	88907045	9174497	0.25	1	1	1	0.5	1	1	1	0.5	1	2663
33	84321417	15346497894	84321417	182	8652	477	41139	9606	9.359741253	41	99	99	9.090909091	84.321417	76429151	7892266	0.25	1	1	1	0.5	1	1	1	0.5	1	2515
34	104600495	19037290090	104600495	182	10433	489	42573	9606	12.16499595	39	99	99	9.090909091	104.600495	91875850	12724645	0.25	0.5	1	1	0.5	1	1	1	0.5	1	1034
35	105522298	19205058236	105522298	182	10840	467	60131	9606	11.90276675	40	99	99	9.090909091	105.522298	92962225	12560073	0.25	1	1	1	0.5	1	1	1	0.5	1	2941
36	97335026	17714974732	97335026	182	9725	474	60131	9606	9.13127952	40	99	99	9.090909091	97.335026	88447093	8887933	0.25	1	1	1	0.5	1	1	1	0.5	1	2834
37	94989411	17288072802	94989411	182	9448	482	60131	9606	15.35833706	40	99	99	9.090909091	94.989411	80400618	14588793	0.25	1	1	1	0.5	1	1	1	0.5	1	2863
38	19184422	3836884400	19184422	200	2354	396	42559	9606	1.185023232	43	100	100	27.27272727	19.184422	18957083	227339	0.25	0.25	1	1	0.25	1	1	1	1	1	573
39	20508621	4101724200	20508621	200	2521	396	42559	9606	1.559628218	42	100	100	27.27272727	20.508621	20188763	319858	0.25	0.25	1	1	0.25	1	1	1	1	1	578
40	20388418	4077683600	20388418	200	2558	419	42559	9606	1.179945033	42	100	100	18.18181818	20.388418	20147846	240572	0.25	0.25	1	1	0.5	1	1	1	1	1	592
41	20068902	4053918204	20068902	202	1811	389	177415	9606	1.425576045	40	101	101	0	20.068902	19782805	286097	1	0	1	1	0.5	1	1	1	1	1	562
42	43127413	8625482600	43127413	200	5703	334	33865	9606	5.731169719	41	100	100	9.090909091	43.127413	40655708	2471705	1	0.25	1	1	0.5	1	1	1	1	1	1015
43	40801706	8160341200	0	200	5386	323	33865	9606	5.564065452	41	100	100	0	40.801706	38531473	2270233	1	0.5	1	1	0.5	1	1	1	1	1	1003
44	16509214	3565990224	16509214	216	2946	250	33859	9606	5.78833805	45	108	108	18.18181818	16.509214	15553605	955609	0.25	0.5	0.5	0.25	0.5	1	1	1	1	1	574
45	17697186	2689972272	17697186	152	1888	200	33847	9606	3.715658451	43	76	76	0	17.697186	17039620	657566	1	1	1	1	0.5	1	1	1	1	1	445
46	17057394	2592723888	17057394	152	1795	200	33847	9606	3.757011612	43	76	76	9.090909091	17.057394	16416546	640848	1	0.25	1	1	0.5	1	1	1	1	1	439
47	17697186	2689972272	17697186	152	1888	200	33847	9606	3.715658451	43	76	76	0	17.697186	17039620	657566	1	1	1	1	0.5	1	1	1	1	1	445
48	17057394	2592723888	17057394	152	1795	200	33847	9606	3.757011612	43	76	76	9.090909091	17.057394	16416546	640848	1	0.25	1	1	0.5	1	1	1	1	1	439
49	16232769	3506278104	0	216	2595	450	33865	9606	6.613267457	42	108	108	9.090909091	16.232769	15159253	1073516	0.25	1	1	0.5	0.5	1	1	1	1	1	520
50	26418645	5706427320	26418645	216	4373	250	33835	9606	8.199435516	43	108	108	9.090909091	26.418645	24252466	2166179	0.5	0.25	1	0.5	0.5	1	1	1	1	1	841
51	35319748	7629065568	35319748	216	6044	400	33835	9606	7.192189984	41	108	108	27.27272727	35.319748	32779485	2540263	0.25	0.25	1	0.25	0.5	1	1	1	1	1	1040
52	0	0	0	0	6395	481	38449	9606	8.660571487	40	84	84	18.18181818	61.376649	56061081	5315568	0.25	0.5	1	1	0.5	1	1	1	0.25	1	2416
53	38779787	5894527624	38779787	152	2701	484	41223	9606	6.329339092	39	76	76	18.18181818	38.779787	36325283	2454504	0.25	1	1	1	0.5	1	1	1	0.25	1	636
54	33086265	4962939750	33086265	150	2146	478	41223	9606	2.611685755	40	69	69	27.27272727	33.086265	32222156	864109	0.25	0.25	1	1	0.5	1	1	1	0.25	1	236
55	39155726	5951670352	39155726	152	2690	484	38449	9606	5.792325249	39	76	76	18.18181818	39.155726	36887699	2268027	0.25	1	1	1	0.5	1	1	1	0.25	1	630
56	34770231	5285075112	34770231	152	2271	477	38449	9606	5.231777817	40	76	76	18.18181818	34.770231	32951130	1819101	0.25	0.25	1	1	0.5	1	1	1	0.5	1	639
57	0	0	0	0	5628	480	38449	9606	16.71420131	40	69	69	18.18181818	67.573443	56279082	11294361	0.25	0.5	1	1	0.5	1	1	1	0.25	1	2394
58	36528827	5552381704	36528827	152	2372	490	38449	9606	5.197967845	39	76	76	18.18181818	36.528827	34630071	1898756	0.25	0.25	1	1	0.5	1	1	1	0.5	1	662
59	0	0	0	0	6278	485	38449	9606	9.551318022	40	84	84	27.27272727	62.267758	56320367	5947391	0.25	0.25	1	1	0.5	1	1	1	0.25	1	2253
60	40855841	6210087832	40855841	152	2740	475	38449	9606	4.948657199	39	76	76	9.090909091	40.855841	38834026	2021815	0.25	1	1	1	0.5	1	1	1	0.5	1	664
61	42275361	6425854872	42275361	152	2833	476	38449	9606	4.883363753	39	76	76	9.090909091	42.275361	40210902	2064459	0.25	1	1	1	0.5	1	1	1	0.5	1	667
62	41354851	6285937352	41354851	152	2799	484	42573	9606	5.072077966	39	76	76	9.090909091	41.354851	39257301	2097550	0.25	1	1	1	0.5	1	1	1	0.5	1	653
63	95602302	17399618964	95602302	182	9741	472	42573	9606	10.41485846	40	99	99	9.090909091	95.602302	85645458	9956844	0.25	1	1	1	0.5	1	1	1	0.5	1	2755
64	41302407	6277965864	41302407	152	2759	485	42573	9606	5.051651381	39	76	76	9.090909091	41.302407	39215954	2086453	0.25	0.5	1	1	0.5	1	1	1	0.5	1	680
65	21309616	4602877056	21309616	216	2910	450	41223	9606	8.732755878	42	108	108	18.18181818	21.309616	19448700	1860916	1	0.25	1	1	0.5	1	1	1	0.25	1	741
66	35937067	7762406472	35937067	216	5880	400	33835	9606	7.644742878	40	108	108	27.27272727	35.937067	33189771	2747296	0.25	0.25	1	0.25	0.5	1	1	1	0.5	1	1253
67	27200782	5875368912	27200782	216	4021	400	33835	9606	7.038030299	43	108	108	9.090909091	27.200782	25286383	1914399	0.5	0.25	1	1	0.5	1	1	1	1	1	908
68	23439690	5062973040	23439690	216	3181	450	33831	9606	6.903109389	41	108	108	9.090909091	23.43969	21821623	1618067	0.25	1	1	1	0.5	1	1	1	1	1	636
69	25335277	5472419832	25335277	216	3734	450	38449	9606	14.18174576	42	108	108	9.090909091	25.335277	21742293	3592984	0.5	0.25	1	0.5	0.5	1	1	1	1	1	859
70	30502892	6588624672	30502892	216	4663	450	41139	9606	4.850168285	40	108	108	9.090909091	30.502892	29023451	1479441	0.5	0.25	1	1	0.5	1	1	1	1	1	951
71	30773370	6647047920	30773370	216	4083	400	33835	9606	8.038374822	45	108	108	9.090909091	30.77337	28299692	2473678	1	1	1	1	0.25	1	1	1	1	1	973
72	34778053	7512059448	34778053	216	4741	450	41139	9606	6.508509893	41	108	108	9.090909091	34.778053	32514520	2263533	1	0.25	1	1	0.5	1	1	1	1	1	941
73	23473102	5070190032	23473102	216	3373	450	41223	9606	9.906248418	41	108	108	9.090909091	23.473102	21147799	2325303	0.5	0.25	1	1	0.5	1	1	1	1	1	655
74	101519492	18476547544	101519492	182	10163	466	41223	9606	14.20736348	39	83	83	18.18181818	101.519492	87096249	14423243	0.25	1	1	1	0.5	1	1	1	0.25	1	218
75	93469783	17011500506	93469783	182	9697	488	41139	9606	13.23648712	41	83	83	18.18181818	93.469783	81097668	12372115	0.25	1	1	1	0.5	1	1	1	0.25	1	2463
76	96657631	17591688842	96657631	182	9241	473	41139	9606	14.46014553	40	83	83	27.27272727	96.657631	82680797	13976834	0.25	0.5	1	1	0.25	0.5	1	1	0.25	1	2984
77	96544439	17571087898	96544439	182	9704	479	41139	9606	10.60820688	40	83	83	18.18181818	96.544439	86302806	10241633	0.25	1	1	1	0.5	1	1	1	0.25	1	2808
78	20641236	3137467872	20641236	152	2095	507	33851	9606	4.459798098	42	76	76	18.18181818	20.641236	19720679	920557	0.25	0.25	1	1	0.5	1	1	1	0.5	1	485
79	38973610	5923988720	38973610	152	2513	460	33851	9606	5.049948338	39	76	76	18.18181818	38.97361	37005463	1968147	0.25	0.25	1	1	0.5	1	1	1	0.5	1	696
80	25634635	3896464520	25634635	152	2621	472	33851	9606	3.910737502	41	76	76	18.18181818	25.634635	24632132	1002503	0.25	0.25	1	1	0.5	1	1	1	0.5	1	505
81	41329865	8265973000	41329865	200	3906	450	60131	9606	5.493325781	42	100	100	0	41.329865	39059481	2270384	0.5	1	1	1	0.5	1	1	1	0.5	1	1006
82	79188371	15837674200	79188371	200	9291	450	60131	9606	3.569785819	41	100	100	9.090909091	79.188371	76361516	2826855	0.25	1	1	1	0.5	1	1	1	1	1	1509
83	44758768	8951753600	44758768	200	4845	450	60131	9606	2.65400639	41	100	100	9.090909091	44.758768	43570868	1187900	0.25	0.5	1	1	0.5	1	1	1	1	1	970
84	61106523	12221304600	61106523	200	5775	450	60131	9606	3.748790083	41	100	100	0	61.106523	58815768	2290755	1	1	1	1	0.5	1	1	1	1	1	1181
85	72018178	14403635600	72018178	200	7781	450	60131	9606	9.755026761	40	100	100	0	72.018178	64992786	7025392	0.5	1	1	0.5	0.5	1	1	1	0.5	1	1303
86	35419175	7154673350	35419175	202	4142	315	42557	9606	3.362879758	40	102	102	9.090909091	35.419175	34228071	1191104	1	0.25	1	1	0.5	1	1	1	0.5	1	1526
87	35258135	7122143270	35258135	202	4066	315	42557	9606	3.53982707	40	102	102	0	35.258135	34010058	1248077	1	1	1	1	0.5	1	1	1	1	1	1620
88	35439416	7158762032	35439416	202	4042	315	42557	9606	2.971711562	39	102	102	0	35.439416	34386259	1053157	1	1	1	1	0.5	1	1	1	1	1	1604
89	38542030	7785490060	38542030	202	4278	315	42557	9606	2.896077071	39	102	102	9.090909091	38.54203	37425824	1116206	1	0.25	1	1	0.5	1	1	1	1	1	1627
90	33437545	6754384090	33437545	202	3751	315	42557	9606	3.682971083	40	102	102	9.090909091	33.437545	32206050	1231495	1	0.25	1	1	0.5	1	1	1	0.5	1	1593
91	43615645	8723129000	0	200	7292	393	42575	9606	1.487382247	42	100	100	9.090909091	43.615645	42966914	648731	1	0.25	1	1	0.5	1	1	1	1	1	1062
92	22656144	4531228800	22656144	200	2498	395	42557	9606	1.480427421	41	100	100	0	22.656144	22320737	335407	1	0.5	1	1	0.5	1	1	1	1	1	611
93	99720508	20143542616	99720508	202	11334	500	42573	9606	8.400378702	40	101	101	27.27272727	99.720508	91343608	8376900	0.25	0.25	1	0.5	0.5	0.5	1	1	0.25	1	1905
94	36159141	7231828200	36159141	200	4414	344	33865	9606	6.181387561	41	100	100	0	36.159141	33924005	2235136	1	0.5	1	0.5	0.5	1	1	1	1	1	911
95	46516265	9303253000	46516265	200	6148	344	33865	9606	5.712482199	41	100	100	9.090909091	46.516265	43859032	2657233	1	0.25	1	0.5	0.5	1	1	1	1	1	1074
96	46823231	9364646200	0	200	6381	322	33865	9606	5.592299639	41	100	100	9.090909091	46.823231	44204736	2618495	1	0.25	1	0.5	0.5	1	1	1	1	1	1126
97	39042406	7808481200	39042406	200	5329	342	33865	9606	5.142731553	42	100	100	9.090909091	39.042406	37034560	2007846	1	0.25	1	0.5	0.5	1	1	1	1	1	1016
98	13685419	2764454638	13685419	202	1460	331	42573	9606	1.967890059	40	101	101	20	13.685419	13416105	269314	0.25	0	1	1	1	1	1	1	0.25	1	441
99	28517864	6159858624	28517864	216	4766	450	41223	9606	6.527406749	39	108	108	9.090909091	28.517864	26656388	1861476	0.25	0.5	1	1	1	1	1	1	1	1	771
100	87254143	13262629736	87254143	152	7571	488	42573	9606	12.86612935	39	76	76	9.090909091	87.254143	76027913	11226230	0.25	1	1	1	0.5	1	1	1	0.5	1	1230
101	33946197	7332378552	33946197	216	5022	450	33835	9606	4.770426866	40	108	108	0	33.946197	32326819	1619378	1	1	1	1	0.5	1	1	1	1	1	981
102	39343684	8498235744	39343684	216	5947	450	42573	9606	4.800930511	39	108	108	0	39.343684	37454822	1888862	1	1	1	1	1	1	1	1	1	1	968
103	25567938	5522674608	25567938	216	3536	450	38449	9606	9.85082303	42	108	108	18.18181818	25.567938	23049286	2518652	1	0.25	1	1	0.5	1	1	1	0.25	1	871
104	32727692	7069181472	32727692	216	5228	450	38449	9606	7.513660968	40	108	108	9.090909091	32.727692	30268645	2459047	0.5	0.25	1	1	0.5	1	1	1	1	1	1085
105	107704474	19602214268	107704474	182	10814	480	38449	9606	10.98418607	40	83	83	18.18181818	107.704474	95874015	11830459	0.25	0.5	1	1	0.5	1	1	1	0.25	1	1134
106	97641709	17770791038	97641709	182	9788	486	41139	9606	10.66558349	40	83	83	18.18181818	97.641709	87227652	10414057	0.25	1	1	1	0.5	1	1	1	0.25	1	1016
107	86479532	15739274824	86479532	182	8571	478	41139	9606	13.25492593	41	83	83	18.18181818	86.479532	75016735	11462797	0.25	1	1	1	0.5	1	1	1	0.25	1	914
108	82005073	14924923286	82005073	182	8116	474	41139	9606	19.08401238	41	83	83	27.27272727	82.005073	66355215	15649858	0.25	0.25	1	1	0.5	1	1	1	0.25	1	2688
109	47192464	8494643520	47192464	180	5726	462	41223	9606	5.352521698	40	90	90	0	47.192464	44666478	2525986	1	1	1	1	1	1	1	1	1	1	856
110	56891141	10240405380	56891141	180	7335	490	33851	9606	5.865562275	39	90	90	9.090909091	56.891141	53554156	3336985	0.25	1	1	1	0.5	1	1	1	1	1	1117
111	47435201	8538336180	47435201	180	6099	465	33851	9606	6.033786752	40	90	90	9.090909091	47.435201	44573063	2862138	0.25	1	1	1	0.5	1	1	1	0.5	1	920
112	52624321	9472377780	52624321	180	6699	465	33851	9606	6.870301824	39	90	90	9.090909091	52.624321	49008872	3615449	0.25	1	1	1	0.5	1	1	1	0.5	1	977
113	56724760	10210456800	56724760	180	7321	490	33851	9606	5.238064159	40	90	90	9.090909091	56.72476	53753481	2971279	0.25	1	1	1	0.5	1	1	1	1	1	1114
114	35198546	10559563800	35198546	300	6284	465	42559	9606	5.236006344	41	150	150	18.18181818	35.198546	33355548	1842998	0.25	0.25	1	1	0.5	1	1	1	1	1	1367
115	114106873	20539237140	114106873	180	14483	466	42557	9606	7.251989562	40	90	90	9.090909091	114.106873	105831855	8275018	0.25	1	1	1	0.5	1	1	1	1	1	946
116	119735946	21552470280	119735946	180	15404	474	42557	9606	6.9087076	40	90	90	9.090909091	119.735946	111463740	8272206	0.25	1	1	1	0.5	1	1	1	1	1	991
117	106809081	19225634580	106809081	180	13571	454	42557	9606	7.165114668	40	90	90	0	106.809081	99156088	7652993	1	0.5	1	1	0.5	1	1	1	1	1	943
118	104069932	18732587760	104069932	180	12379	485	42575	9606	7.105152178	40	90	90	0	104.069932	96675605	7394327	1	1	1	1	0.5	1	1	1	1	1	911
119	114305728	20575031040	114305728	180	16097	465	42575	9606	7.994199657	40	90	90	9.090909091	114.305728	105167900	9137828	0.25	1	1	1	0.5	1	1	1	0.5	1	926
120	219210137	44280447674	219210137	202	26987	315	38447	9606	5.290121891	40	102	102	0	219.210137	207613654	11596483	1	1	1	1	0.5	1	1	1	1	1	3494
121	216704260	43774260520	216704260	202	26159	315	42571	9606	5.603251836	40	102	102	0	216.70426	204561775	12142485	1	1	1	1	0.5	1	1	1	1	1	3428
122	211264446	42675418092	211264446	202	26012	315	42575	9606	5.139979601	40	102	102	0	211.264446	200405497	10858949	1	1	1	1	0.5	1	1	1	1	1	3211
123	204006180	41209248360	204006180	202	25723	315	42571	9606	5.696220584	40	102	102	0	204.00618	192385538	11620642	1	1	1	1	0.5	1	1	1	1	1	3238
124	198111684	40018560168	198111684	202	25022	315	42569	9606	5.730624793	40	102	102	0	198.111684	186758647	11353037	1	1	1	1	0.5	1	1	1	1	1	3230
125	187045082	37783106564	187045082	202	23711	315	42557	9606	5.15170157	41	102	102	0	187.045082	177409078	9636004	1	0.5	1	1	0.5	1	1	1	1	1	2762
126	199492325	40297449650	199492325	202	23619	315	42575	9606	5.442855201	40	102	102	0	199.492325	188634247	10858078	1	1	1	1	0.5	1	1	1	1	1	3059
127	116256776	20926219680	116256776	180	16390	471	42575	9606	7.674809917	40	90	90	9.090909091	116.256776	107334290	8922486	0.25	1	1	1	0.5	1	1	1	0.5	1	1709
128	102806237	18505122660	102806237	180	13857	479	42559	9606	7.490044224	41	90	90	9.090909091	102.806237	95106005	7700232	0.25	1	1	1	0.5	1	1	1	0.5	1	1480
129	65130404	13156341608	0	202	6659	385	177415	9606	1.225874532	40	101	101	10	65.130404	64331987	798417	0.25	0	1	1	0.5	1	1	1	1	1	1339
130	56995254	11399050800	56995254	200	7413	322	42557	9606	5.834825635	41	100	100	9.090909091	56.995254	53669681	3325573	1	0.25	1	0.5	0.5	1	1	1	1	1	1123
131	58957942	10612429560	58957942	180	7887	464	42559	9606	5.915706771	42	90	90	0	58.957942	55470164	3487778	1	1	1	1	0.5	1	1	1	1	1	987
132	52627806	10525561200	52627806	200	5614	427	41223	9606	2.565169562	42	100	100	18.18181818	52.627806	51277814	1349992	1	0.25	1	1	0.25	1	1	1	1	1	1142
133	53206967	10641393400	53206967	200	6449	332	41139	9606	6.793222525	41	100	100	0	53.206967	49592500	3614467	1	1	1	0.5	0.5	1	1	1	1	1	1116
134	48420130	9684026000	48420130	200	5166	427	41223	9606	2.108270554	42	100	100	9.090909091	48.42013	47399303	1020827	1	0.25	1	1	0.5	1	1	1	1	1	1127
135	51205353	10241070600	51205353	200	6408	323	173699	9606	6.836725382	42	100	100	0	51.205353	47704584	3500769	1	0.5	1	0.5	0.5	1	1	1	1	1	1101
136	43680280	8736056000	43680280	200	4650	427	41223	9606	2.086409203	43	100	100	9.090909091	43.68028	42768931	911349	1	0.25	1	1	0.5	1	1	1	1	1	1066
137	44232974	8846594800	0	200	5590	322	59833	9606	6.57099072	40	100	100	0	44.232974	41326430	2906544	1	0.5	1	0.5	0.5	1	1	1	1	1	1002
138	43489526	8697905200	0	200	5509	304	59833	9606	7.4240277	39	100	100	0	43.489526	40260852	3228674	1	1	1	0.5	0.5	1	1	1	1	1	983
139	42445727	8489145400	42445727	200	5502	348	42557	9606	8.756707599	41	100	100	0	42.445727	38728879	3716848	1	0.5	1	0.5	0.5	1	1	1	1	1	970
140	40954912	8190982400	40954912	200	5430	342	33865	9606	5.871295583	41	100	100	9.090909091	40.954912	38550329	2404583	1	0.25	1	0.5	0.5	1	1	1	1	1	1000
141	40849612	8169922400	40849612	200	5392	342	33865	9606	6.111284772	41	100	100	0	40.849612	38353176	2496436	1	0.5	1	1	0.5	1	1	1	1	1	989
142	39492681	7898536200	39492681	200	5389	355	33865	9606	5.384687984	41	100	100	9.090909091	39.492681	37366124	2126557	1	0.25	1	1	0.5	1	1	1	1	1	1004
143	37244210	7448842000	37244210	200	4346	425	42559	9606	1.64281898	41	100	100	0	37.24421	36632356	611854	1	0.5	1	1	0.5	1	1	1	1	1	924
144	42900095	8580019000	42900095	200	5370	335	59833	9606	6.480878879	41	100	100	0	42.900095	40119792	2780303	1	0.5	1	0.5	0.5	1	1	1	1	1	983
145	41580445	8316089000	41580445	200	5283	332	42557	9606	5.910051385	41	100	100	0	41.580445	39123020	2457425	1	0.5	1	0.5	0.5	1	1	1	1	1	923
146	42215956	8443191200	0	200	5283	327	59833	9606	6.581090263	40	100	100	0	42.215956	39437686	2778270	1	0.5	1	0.5	0.5	1	1	1	1	1	984
147	42267474	8453494800	0	200	5205	330	33847	9606	6.915230148	41	100	100	0	42.267474	39344581	2922893	1	1	1	0.5	0.5	1	1	1	1	1	977
148	41019920	8203984000	0	200	5215	340	42557	9606	5.81415842	41	100	100	0	41.01992	38634957	2384963	1	0.5	1	0.5	0.5	1	1	1	1	1	924
149	41847614	8369522800	41847614	200	5109	330	173699	9606	6.674249143	41	100	100	0	41.847614	39054600	2793014	1	1	1	0.5	0.5	1	1	1	1	1	948
150	42219445	8443889000	42219445	200	5142	330	173699	9606	6.644681872	41	100	100	0	42.219445	39414098	2805347	1	1	1	0.5	0.5	1	1	1	1	1	951
151	40813444	8162688800	0	200	5154	313	59833	9606	6.178234583	40	100	100	0	40.813444	38291894	2521550	1	0.5	1	0.5	0.5	1	1	1	1	1	934
152	41847614	8369522800	41847614	200	5109	330	173699	9606	6.674249143	41	100	100	0	41.847614	39054600	2793014	1	1	1	0.5	0.5	1	1	1	1	1	948
153	42219445	8443889000	42219445	200	5142	330	173699	9606	6.644681872	41	100	100	0	42.219445	39414098	2805347	1	1	1	0.5	0.5	1	1	1	1	1	951
154	40428434	8085686800	40428434	200	5117	355	59833	9606	6.599998292	40	100	100	0	40.428434	37760159	2668275	1	0.5	1	0.5	0.5	1	1	1	1	1	929
155	40756118	8151223600	0	200	5120	300	59833	9606	5.874089222	41	100	100	0	40.756118	38362068	2394050	1	0.5	1	0.5	0.5	1	1	1	1	1	952
156	39535511	7907102200	39535511	200	5019	342	59833	9606	6.642278457	41	100	100	0	39.535511	36909453	2626058	1	0.5	1	0.5	0.5	1	1	1	1	1	917
157	39504682	7900936400	39504682	200	4926	321	59833	9606	6.349137759	41	100	100	0	39.504682	36996476	2508206	1	0.5	1	0.5	0.5	1	1	1	1	1	949
158	39811540	7962308000	39811540	200	4971	321	59833	9606	6.464451026	41	100	100	0	39.81154	37237943	2573597	1	0.5	1	0.5	0.5	1	1	1	1	1	961
159	39504682	7900936400	39504682	200	4926	321	59833	9606	6.349137759	41	100	100	0	39.504682	36996476	2508206	1	0.5	1	0.5	0.5	1	1	1	1	1	949
160	39811540	7962308000	39811540	200	4971	321	59833	9606	6.464451026	41	100	100	0	39.81154	37237943	2573597	1	0.5	1	0.5	0.5	1	1	1	1	1	961
161	38895720	7779144000	38895720	200	4862	334	59833	9606	5.859547111	41	100	100	0	38.89572	36616607	2279113	1	0.5	1	0.5	0.5	1	1	1	1	1	926
162	37138177	7427635400	37138177	200	4595	335	33847	9606	6.135582782	42	100	100	0	37.138177	34859534	2278643	1	1	1	0.5	0.5	1	1	1	1	1	873
163	38286516	7657303200	38286516	200	4769	335	33847	9606	6.227672814	42	100	100	0	38.286516	35902158	2384358	1	0.5	1	0.5	0.5	1	1	1	1	1	911
164	38546407	7709281400	38546407	200	4732	319	173699	9606	6.273015616	41	100	100	0	38.546407	36128385	2418022	1	1	1	0.5	0.5	1	1	1	1	1	912
165	38484955	7696991000	38484955	200	4705	306	173699	9606	5.963271363	41	100	100	0	38.484955	36189993	2294962	1	1	1	0.5	0.5	1	1	1	1	1	935
166	36350568	6288648264	36350568	173	4069	300	59833	9606	5.369231046	41	73	73	0	36.350568	34398823	1951745	1	1	1	0.5	0.5	1	1	1	0.5	1	799
167	36024629	6232260817	36024629	173	4052	355	59833	9606	5.91598244	40	73	73	0	36.024629	33893419	2131210	1	1	1	0.5	1	1	1	1	0.5	1	812
168	34273413	6854682600	34273413	200	3718	394	38447	9606	1.746868289	41	100	100	9.090909091	34.273413	33674702	598711	0.5	0.25	1	1	0.5	0.5	1	1	1	1	845
169	37138177	7427635400	37138177	200	4595	335	33847	9606	6.135582782	42	100	100	0	37.138177	34859534	2278643	1	1	1	0.5	0.5	1	1	1	1	1	873
170	38286516	7657303200	38286516	200	4769	335	33847	9606	6.227672814	42	100	100	0	38.286516	35902158	2384358	1	0.5	1	0.5	0.5	1	1	1	1	1	911
171	36833995	7366799000	36833995	200	4477	326	41139	9606	6.141294359	41	100	100	0	36.833995	34571911	2262084	1	0.5	1	0.5	0.5	1	1	1	1	1	867
172	36648021	7329604200	36648021	200	4346	312	59833	9606	6.660068508	40	100	100	0	36.648021	34207238	2440783	1	0.5	1	0.5	0.5	1	1	1	1	1	921
173	27222944	5444588800	27222944	200	3315	388	42575	9606	1.499185554	41	100	100	18.18181818	27.222944	26814822	408122	0.25	0.25	1	1	0.5	1	1	1	1	1	748
174	31871180	6374236000	31871180	200	3188	402	42557	9606	1.42771979	41	100	100	9.090909091	31.87118	31416149	455031	1	0.25	1	1	0.5	1	1	1	1	1	814
175	25810307	5162061400	25810307	200	3262	387	42575	9606	1.429861028	41	100	100	18.18181818	25.810307	25441256	369051	0.25	0.25	1	1	0.5	1	1	1	1	1	722
176	31229690	6745613040	31229690	216	4200	450	41223	9606	7.053860158	42	108	108	9.090909091	31.22969	29026792	2202898	1	0.25	1	1	0.5	1	1	1	1	1	1006
177	31065270	6710098320	31065270	216	3903	450	41223	9606	6.291464674	40	108	108	18.18181818	31.06527	29110810	1954460	0.25	0.25	1	1	0.5	1	1	1	1	1	901
178	33153460	6630692000	33153460	200	3937	329	59833	9606	6.212235044	40	100	100	0	33.15346	31093890	2059570	1	0.5	1	0.5	0.5	1	1	1	1	1	817
179	26214805	5662397880	26214805	216	3887	450	38449	9606	7.154159099	41	108	108	0	26.214805	24339357	1875448	0.5	1	1	1	0.5	1	1	1	1	1	724
180	28153343	5630668600	28153343	200	2962	414	42557	9606	1.676855773	42	100	100	0	28.153343	27681253	472090	1	0.5	1	1	0.5	1	1	1	1	1	733
181	28722571	5744514200	28722571	200	2894	402	42557	9606	1.327643035	41	100	100	9.090909091	28.722571	28341238	381333	1	0.25	1	1	0.5	1	1	1	1	1	758
182	24982629	5396247864	24982629	216	3672	450	33835	9606	5.439231962	37	108	108	9.090909091	24.982629	23623766	1358863	0.5	0.25	1	1	1	1	1	1	1	1	690
183	24658839	4931767800	24658839	200	2822	435	41223	9606	1.677982931	43	100	100	9.090909091	24.658839	24245068	413771	0.5	0.25	1	1	0.5	1	1	1	1	1	743
184	27647911	5529582200	27647911	200	2798	402	42557	9606	1.631727297	41	100	100	9.090909091	27.647911	27196773	451138	1	0.25	1	1	0.5	1	1	1	0.5	1	730
185	28655954	5731190800	28655954	200	2805	425	42571	9606	1.608024121	42	100	100	9.090909091	28.655954	28195160	460794	1	1	1	1	0.25	1	1	1	1	1	760
186	23406356	5055772896	0	216	3664	250	33859	9606	11.63450924	42	108	108	27.27272727	23.406356	20683142	2723214	0.25	0.25	1	0.25	0.5	1	1	1	0.5	1	847
187	22973141	4594628200	22973141	200	2828	434	42559	9606	1.381219595	41	100	100	9.090909091	22.973141	22655832	317309	0.5	0.25	1	1	0.5	1	1	1	1	1	771
188	25571068	5114213600	25571068	200	2778	394	38447	9606	1.7534593	41	100	100	0	25.571068	25122690	448378	1	1	1	1	0.5	1	1	1	1	1	685
189	27580372	5516074400	27580372	200	2825	426	42571	9606	1.841457906	43	100	100	9.090909091	27.580372	27072492	507880	1	1	1	1	0.25	1	1	1	1	1	776
190	26078025	5215605000	26078025	200	2690	444	42557	9606	1.748708517	43	100	100	9.090909091	26.078025	25621997	456028	1	0.5	1	1	0.25	1	1	1	1	1	705
191	23490126	5073867216	23490126	216	3523	450	38449	9606	8.6860337	42	108	108	9.090909091	23.490126	21449766	2040360	0.25	1	1	1	0.5	1	1	1	1	1	617
192	26677000	5762232000	26677000	216	3431	400	33835	9606	7.30512908	42	108	108	9.090909091	26.677	24728211	1948789	1	0.25	1	0.5	0.5	1	1	1	1	1	797
193	23058660	4611732000	23058660	200	2716	394	42569	9606	0.980296245	41	100	100	9.090909091	23.05866	22832617	226043	1	0.25	1	1	0.5	0.5	1	1	1	1	678
194	21223943	4584371688	21223943	216	3394	450	41223	9606	6.785688532	38	108	108	0	21.223943	19783753	1440190	0.5	1	1	1	1	1	1	1	1	1	596
195	21292501	4258500200	21292501	200	2596	388	42575	9606	1.517771249	41	100	100	18.18181818	21.292501	20969330	323171	0.25	0.25	1	1	0.5	1	1	1	0.5	1	607
196	26474075	5718400200	26474075	216	3360	450	33847	9606	8.257990203	42	108	108	9.090909091	26.474075	24287849	2186226	1	0.25	1	1	0.5	1	1	1	1	1	852
197	24508883	4901776600	24508883	200	2554	394	42575	9606	0.805972584	41	100	100	9.090909091	24.508883	24311349	197534	1	0.25	1	1	0.5	0.5	1	1	1	1	710
198	22062764	4412552800	22062764	200	2598	394	42569	9606	1.107863533	41	100	100	9.090909091	22.062764	21818339	244425	1	0.25	1	1	0.5	1	1	1	1	1	635
199	20109230	4021846000	20109230	200	2547	387	42575	9606	1.266520129	41	100	100	18.18181818	20.10923	19854543	254687	0.25	0.25	1	1	0.5	1	1	1	1	1	613
200	22391122	4478224400	22391122	200	2485	398	38447	9606	1.132660225	41	100	100	9.090909091	22.391122	22137507	253615	0.5	0.25	1	1	0.5	0.5	1	1	1	1	701
201	23144546	4628909200	23144546	200	2401	395	42559	9606	1.757141535	43	100	100	9.090909091	23.144546	22737864	406682	1	1	1	1	0.25	1	1	1	1	1	641
202	24768960	4953792000	24768960	200	2450	425	42571	9606	1.664252889	42	100	100	0	24.76896	24356742	412218	1	1	1	1	0.5	1	1	1	1	1	673
203	21229531	4585578696	21229531	216	3085	450	42573	9606	6.903174511	40	108	108	0	21.229531	19764020	1465511	0.5	1	1	1	0.5	1	1	1	0.5	1	550
204	24526439	4905287800	24526439	200	2431	426	42571	9606	1.714869388	42	100	100	0	24.526439	24105843	420596	1	1	1	1	0.5	1	1	1	1	1	683
205	21707438	4341487600	21707438	200	2455	429	42571	9606	1.510986001	42	100	100	9.090909091	21.707438	21379442	327996	1	0.25	1	1	0.5	1	1	1	1	1	636
206	20714094	4142818800	20714094	200	2440	394	42569	9606	0.871753974	41	100	100	9.090909091	20.714094	20533519	180575	1	0.25	1	1	0.5	0.5	1	1	1	1	628
207	23447495	5064658920	23447495	216	3023	450	38449	9606	9.188074786	44	108	108	18.18181818	23.447495	21293122	2154373	0.25	0.25	1	1	0.5	1	1	1	1	1	858
208	22768913	4918085208	22768913	216	2981	450	41223	9606	10.08070076	41	108	108	0	22.768913	20473648	2295265	1	1	1	1	0.5	1	1	1	0.5	1	706
209	22223034	4444606800	22223034	200	2281	395	42559	9606	1.499997687	42	100	100	0	22.223034	21889690	333344	1	1	1	1	0.5	1	1	1	1	1	634
210	21433914	4629725424	21433914	216	3131	450	38449	9606	8.152025086	40	108	108	9.090909091	21.433914	19686616	1747298	0.5	0.25	1	1	0.5	1	1	1	1	1	678
211	22673193	4897409688	22673193	216	2897	450	38449	9606	9.385844465	43	108	108	9.090909091	22.673193	20545123	2128070	0.25	1	1	1	0.5	1	1	1	1	1	789
212	22658420	4894218720	22658420	216	3106	450	38449	9606	8.363777011	42	108	108	18.18181818	22.65842	20763321	1895099	1	0.25	1	1	0.5	1	1	1	0.25	1	755
213	18899568	3779913600	18899568	200	2394	396	38447	9606	1.746116453	41	100	100	18.18181818	18.899568	18569560	330008	0.25	0.25	1	1	0.5	1	1	1	0.5	1	575
214	18249533	3649906600	18249533	200	2334	420	42557	9606	1.262210896	42	100	100	9.090909091	18.249533	18019186	230347	0.25	0.5	1	1	0.5	1	1	1	1	1	591
215	20831796	4166359200	20831796	200	2317	395	38447	9606	1.365396551	42	100	100	9.090909091	20.831796	20547360	284436	0.5	0.25	1	1	0.5	0.5	1	1	1	1	681
216	19595998	3919199600	19595998	200	2247	397	38447	9606	1.680265506	41	100	100	18.18181818	19.595998	19266734	329264	0.25	0.25	1	1	0.5	1	1	1	1	1	539
217	18061170	3612234000	18061170	200	2274	387	42575	9606	1.28512457	40	100	100	18.18181818	18.06117	17829062	232108	0.25	0.25	1	1	0.5	1	1	1	1	1	570
218	21253171	4590684936	21253171	216	3076	450	41139	9606	8.561020623	37	108	108	9.090909091	21.253171	19433683	1819488	1	0.25	1	1	1	1	1	1	1	1	635
219	20301937	4060387400	20301937	200	2150	420	42559	9606	1.185155622	42	100	100	0	20.301937	20061328	240609	1	1	1	1	0.5	1	1	1	1	1	599
220	17147321	3429464200	17147321	200	2169	420	42557	9606	1.284666514	42	100	100	9.090909091	17.147321	16927036	220285	0.25	0.5	1	1	0.5	1	1	1	1	1	540
221	20872518	4174503600	20872518	200	2010	423	42557	9606	1.439679804	42	100	100	0	20.872518	20572021	300497	1	0.5	1	1	0.5	1	1	1	1	1	623
222	20102204	4020440800	20102204	200	2133	397	42569	9606	1.138327239	41	100	100	9.090909091	20.102204	19873376	228828	0.5	0.25	1	1	0.5	0.5	1	1	0.5	1	642
223	19609345	3921869000	19609345	200	2073	445	42557	9606	1.189609519	43	100	100	0	19.609345	19376071	233274	1	1	1	1	0.5	1	1	1	1	1	612
